product_id,product_title,category,price
1,*Staples* Highlighting Markers,Pens & Art Supplies,4.84
2,*Staples* Letter Opener,"Scissors, Rulers and Trimmers",2.18
3,*Staples* Packaging Labels,Labels,2.89
4,"*Staples* vLetter Openers, 2/Pack","Scissors, Rulers and Trimmers",3.68
5,#10 Self-Seal White Envelopes,Envelopes,11.09
6,"#10 White Business Envelopes,4 1/8 x 9 1/2",Envelopes,15.67
7,"#10- 4 1/8"" x 9 1/2"" Recycled Envelopes",Envelopes,8.74
8,"#10- 4 1/8"" x 9 1/2"" Security-Tint Envelopes",Envelopes,7.64
9,"#10-4 1/8"" x 9 1/2"" Premium Diagonal Seam Envelopes",Envelopes,15.74
10,"1.7 Cubic Foot Compact ""Cube"" Office Refrigerators",Appliances,208.16
11,12 Colored Short Pencils,Pens & Art Supplies,2.60
12,12-1/2 Diameter Round Wall Clock,Office Furnishings,19.98
13,"24 Capacity Maxi Data Binder Racks, Pearl",Storage & Organization,210.55
14,3M Hangers With Command Adhesive,Office Furnishings,3.70
15,3M Office Air Cleaner,Appliances,25.98
16,3M Organizer Strips,Binders and Binder Accessories,5.40
17,"3M Polarizing Task Lamp with Clamp Arm, Light Gray",Office Furnishings,136.98
18,"80 Minute CD-R Spindle, 100/Pack - Staples",Computer Peripherals,39.48
19,"80 Minute Slim Jewel Case CD-R , 10/Pack - Staples",Computer Peripherals,8.33
20,9-3/4 Diameter Round Wall Clock,Office Furnishings,13.79
21,Acco Permaﾮ 2700 Stacking Storage Drawers,Storage & Organization,29.74
22,Acco Permaﾮ 3000 Stacking Storage Drawers,Storage & Organization,20.98
23,"Acco Pressboard Covers with Storage Hooks, 14 7/8"" x 11"", Dark Blue",Binders and Binder Accessories,3.81
24,"Acco Smartsocketﾙ Table Surge Protector, 6 Color-Coded Adapter Outlets",Appliances,62.05
25,Acco Suede Grain Vinyl Round Ring Binder,Binders and Binder Accessories,2.78
26,"ACCOHIDEﾮ 3-Ring Binder, Blue, 1""",Binders and Binder Accessories,4.13
27,ACCOHIDEﾮ Binder by Acco,Binders and Binder Accessories,4.13
28,Accoﾮ Hot Clipsﾙ Clips to Go,Rubber Bands,3.29
29,"Acme Design Line 8"" Stainless Steel Bent Scissors w/Champagne Handles, 3-1/8"" Cut","Scissors, Rulers and Trimmers",6.84
30,"Acme Hot Forged Carbon Steel Scissors with Nickel-Plated Handles, 3 7/8"" Cut, 8""L","Scissors, Rulers and Trimmers",13.90
31,"Acmeﾮ 8"" Straight Scissors","Scissors, Rulers and Trimmers",12.98
32,"Adams Phone Message Book, Professional, 400 Message Capacity, 5 3/6ﾔ x 11ﾔ",Paper,6.98
33,"Adams Telephone Message Book W/Dividers/Space For Phone Numbers, 5 1/4""X8 1/2"", 300/Messages",Paper,5.88
34,"Adams Telephone Message Book w/Frequently-Called Numbers Space, 400 Messages per Book",Paper,7.98
35,"Adams Write n' Stick Phone Message Book, 11"" X 5 1/4"", 200 Messages",Paper,5.68
36,Adesso Programmable 142-Key Keyboard,Computer Peripherals,152.48
37,"Advantus Employee of the Month Certificate Frame, 11 x 13-1/2",Office Furnishings,30.93
38,Advantus Map Pennant Flags and Round Head Tacks,Rubber Bands,3.95
39,"Advantus Push Pins, Aluminum Head",Rubber Bands,5.81
40,Airmail Envelopes,Envelopes,83.93
41,Aluminum Document Frame,Office Furnishings,12.22
42,Ampad #10 Peel & Seelﾮ Holiday Envelopes,Envelopes,4.48
43,"Angle-D Binders with Locking Rings, Label Holders",Binders and Binder Accessories,7.30
44,APC 7 Outlet Network SurgeArrest Surge Protector,Appliances,80.48
45,Arrayﾮ Memo Cubes,Paper,5.18
46,"Arrayﾮ Parchment Paper, Assorted Colors",Paper,7.28
47,Assorted Color Push Pins,Rubber Bands,1.81
48,AT&T 2230 Dual Handset Phone With Caller ID/Call Waiting,Office Machines,99.99
49,"AT&T Black Trimline Phone, Model 210",Office Machines,15.99
50,"Atlantic Metals Mobile 3-Shelf Bookcases, Custom Colors",Bookcases,260.98
51,"Atlantic Metals Mobile 5-Shelf Bookcases, Custom Colors",Bookcases,300.98
52,Avanti 4.4 Cu. Ft. Refrigerator,Appliances,180.98
53,"Avery 4027 File Folder Labels for Dot Matrix Printers, 5000 Labels per Box, White",Labels,30.53
54,Avery 474,Labels,2.88
55,Avery 478,Labels,4.91
56,Avery 479,Labels,2.61
57,Avery 481,Labels,3.08
58,Avery 485,Labels,12.53
59,Avery 487,Labels,3.69
60,Avery 49,Labels,2.88
61,Avery 491,Labels,4.13
62,Avery 492,Labels,2.88
63,Avery 493,Labels,4.91
64,Avery 494,Labels,2.61
65,Avery 497,Labels,3.08
66,Avery 498,Labels,2.89
67,Avery 506,Labels,4.13
68,Avery 507,Labels,2.88
69,Avery 51,Labels,6.30
70,Avery 510,Labels,3.75
71,Avery 52,Labels,3.69
72,Avery 520,Labels,3.15
73,Avery Arch Ring Binders,Binders and Binder Accessories,58.10
74,Avery Binder Labels,Binders and Binder Accessories,3.89
75,Avery Durable Binders,Binders and Binder Accessories,2.88
76,Avery Durable Poly Binders,Binders and Binder Accessories,5.53
77,"Avery Flip-Chart Easel Binder, Black",Binders and Binder Accessories,22.38
78,Avery Hi-Literﾮ Fluorescent Desk Style Markers,Pens & Art Supplies,3.38
79,Avery Legal 4-Ring Binder,Binders and Binder Accessories,20.98
80,Avery Poly Binder Pockets,Binders and Binder Accessories,3.58
81,"Avery Trapezoid Extra Heavy Duty 4"" Binders",Binders and Binder Accessories,41.94
82,"Avery Trapezoid Ring Binder, 3"" Capacity, Black, 1040 sheets",Binders and Binder Accessories,40.98
83,Avery White Multi-Purpose Labels,Labels,4.98
84,Bagged Rubber Bands,Rubber Bands,1.26
85,Barrel Sharpener,Pens & Art Supplies,3.57
86,"Barricks 18"" x 48"" Non-Folding Utility Table with Bottom Storage Shelf",Tables,100.80
87,"Barricks Non-Folding Utility Table with Steel Legs, Laminate Tops",Tables,85.29
88,Belkin 105-Key Black Keyboard,Computer Peripherals,19.98
89,"Belkin 107-key enhanced keyboard, USB/PS/2 interface",Computer Peripherals,17.98
90,Belkin 6 Outlet Metallic Surge Strip,Appliances,10.89
91,Belkin 8 Outlet Surge Protector,Appliances,40.98
92,Belkin 8 Outlet SurgeMaster II Gold Surge Protector,Appliances,59.98
93,Belkin ErgoBoardﾙ Keyboard,Computer Peripherals,30.98
94,Belkin MediaBoard 104- Keyboard,Computer Peripherals,27.48
95,Berol Giant Pencil Sharpener,Pens & Art Supplies,16.99
96,Bevis 36 x 72 Conference Tables,Tables,124.49
97,Bevis Boat-Shaped Conference Table,Tables,262.11
98,"Bevis Round Bullnose 29"" High Table Top",Tables,259.71
99,Bevis Round Conference Room Tables and Bases,Tables,179.29
100,Bevis Round Conference Table Top & Single Column Base,Tables,146.34
101,"Bevis Round Conference Table Top, X-Base",Tables,179.29
102,Bevis Steel Folding Chairs,Chairs & Chairmats,95.95
103,Binder Clips by OIC,Rubber Bands,1.48
104,Binder Posts,Binders and Binder Accessories,5.74
105,Bionaire Personal Warm Mist Humidifier/Vaporizer,Appliances,46.89
106,Boston 16701 Slimline Battery Pencil Sharpener,Pens & Art Supplies,15.94
107,Boston 16765 Mini Stand Up Battery Pencil Sharpener,Pens & Art Supplies,11.66
108,Boston 1730 StandUp Electric Pencil Sharpener,Pens & Art Supplies,21.38
109,Boston 19500 Mighty Mite Electric Pencil Sharpener,Pens & Art Supplies,20.15
110,"Boston Electric Pencil Sharpener, Model 1818, Charcoal Black",Pens & Art Supplies,28.15
111,Boston KS Multi-Size Manual Pencil Sharpener,Pens & Art Supplies,22.99
112,BoxOffice By Design Rectangular and Half-Moon Meeting Room Tables,Tables,218.75
113,Bretford CR4500 Series Slim Rectangular Table,Tables,348.21
114,Bretford Rectangular Conference Table Tops,Tables,376.13
115,Bretford ﾓJust In Timeﾔ Height-Adjustable Multi-Task Work Tables,Tables,417.40
116,Brown Kraft Recycled Envelopes,Envelopes,16.98
117,Bush Advantage Collectionﾮ Racetrack Conference Table,Tables,424.21
118,"Bush Heritage Pine Collection 5-Shelf Bookcase, Albany Pine Finish, *Special Order",Bookcases,140.98
119,Bush Mission Pointe Library,Bookcases,150.98
120,"Bush Westfield Collection Bookcases, Dark Cherry Finish, Fully Assembled",Bookcases,100.98
121,"Bush Westfield Collection Bookcases, Fully Assembled",Bookcases,100.98
122,"C-Line Cubicle Keepers Polyproplyene Holder w/Velcroﾮ Back, 8-1/2x11, 25/Bx",Office Furnishings,54.74
123,Canon BP1200DH 12-Digit Bubble Jet Printing Calculator,Office Machines,120.97
124,Canon Image Class D660 Copier,Copiers and Fax,599.99
125,Canon imageCLASS 2200 Advanced Copier,Copiers and Fax,3499.99
126,Canon MP100DHII Printing Calculator,Office Machines,140.99
127,Canon MP41DH Printing Calculator,Office Machines,150.98
128,Canon P1-DHIII Palm Printing Calculator,Office Machines,17.98
129,Canon PC-428 Personal Copier,Copiers and Fax,199.99
130,Canon PC1060 Personal Laser Copier,Copiers and Fax,699.99
131,Canon PC940 Copier,Copiers and Fax,449.99
132,Canon S750 Color Inkjet Printer,Office Machines,120.97
133,Cardinal Holdit Business Card Pockets,Binders and Binder Accessories,4.98
134,Cardinal Poly Pocket Divider Pockets for Ring Binders,Binders and Binder Accessories,3.36
135,"Cardinal Slant-Dﾮ Ring Binder, Heavy Gauge Vinyl",Binders and Binder Accessories,8.69
136,Carina Double Wide Media Storage Towers in Natural & Black,Storage & Organization,80.98
137,Catalog Binders with Expanding Posts,Binders and Binder Accessories,67.28
138,"Chromcraft Bull-Nose Wood 48"" x 96"" Rectangular Conference Tables",Tables,550.98
139,Col-Eraseﾮ Pencils with Erasers,Pens & Art Supplies,6.08
140,Colored Envelopes,Envelopes,3.69
141,Coloredge Poster Frame,Office Furnishings,14.20
142,Colorificﾮ Watercolor Pencils,Pens & Art Supplies,5.16
143,Computer Printout Paper with Letter-Trim Perforations,Paper,18.97
144,"Conquestﾙ 14 Commercial Heavy-Duty Upright Vacuum, Collection System, Accessory Kit",Appliances,56.96
145,Crate-A-Filesﾙ,Storage & Organization,10.90
146,Dana Halogen Swing-Arm Architect Lamp,Office Furnishings,40.97
147,Dana Swing-Arm Lamps,Office Furnishings,10.68
148,DAX Clear Channel Poster Frame,Office Furnishings,14.58
149,"DAX Contemporary Wood Frame with Silver Metal Mat, Desktop, 11 x 14 Size",Office Furnishings,20.24
150,"DAX Copper Panel Document Frame, 5 x 7 Size",Office Furnishings,12.58
151,"DAX Metal Frame, Desktop, Stepped-Edge",Office Furnishings,20.24
152,DAX Natural Wood-Tone Poster Frame,Office Furnishings,26.48
153,DAX Solid Wood Frames,Office Furnishings,9.77
154,Deflect-o DuraMat Antistatic Studded Beveled Mat for Medium Pile Carpeting,Office Furnishings,105.34
155,"Deflect-o EconoMat Nonstudded, No Bevel Mat",Office Furnishings,51.65
156,"Deflect-o EconoMat Studded, No Bevel Mat for Low Pile Carpeting",Office Furnishings,41.32
157,"Deflect-o RollaMat Studded, Beveled Mat for Medium Pile Carpeting",Office Furnishings,92.23
158,"Deflect-o SuperTrayﾙ Unbreakable Stackable Tray, Letter, Black",Office Furnishings,29.18
159,Deluxe Rollaway Locking File with Drawer,Storage & Organization,415.88
160,"Dixon My First Ticonderoga Pencil, #2",Pens & Art Supplies,5.85
161,DIXON Orioleﾮ Pencils,Pens & Art Supplies,2.58
162,Dixon Ticonderoga Core-Lock Colored Pencils,Pens & Art Supplies,9.11
163,"Dixon Ticonderoga Core-Lock Colored Pencils, 48-Color Set",Pens & Art Supplies,36.55
164,"Dot Matrix Printer Tape Reel Labels, White, 5000/Box",Labels,98.31
165,"DS/HD IBM Formatted Diskettes, 200/Pack - Staples",Computer Peripherals,47.98
166,"Dual Level, Single-Width Filing Carts",Storage & Organization,155.06
167,Durable Pressboard Binders,Binders and Binder Accessories,3.80
168,"DXLﾙ Angle-View Binders with Locking Rings, Black",Binders and Binder Accessories,5.99
169,Economy Binders,Binders and Binder Accessories,2.08
170,Eldon Advantageﾮ Chair Mats for Low to Medium Pile Carpets,Office Furnishings,43.31
171,"Eldon Base for stackable storage shelf, platinum",Storage & Organization,38.94
172,Eldon Cleatmatﾮ Chair Mats for Medium Pile Carpets,Office Furnishings,55.50
173,Eldon ClusterMat Chair Mat with Cordless Antistatic Protection,Office Furnishings,90.98
174,Eldon Econocleatﾮ Chair Mats for Low Pile Carpets,Office Furnishings,41.47
175,Eldon Executive Woodline II Cherry Finish Desk Accessories,Office Furnishings,40.89
176,"Eldon Expressions Punched Metal & Wood Desk Accessories, Pewter & Cherry",Office Furnishings,10.64
177,"Eldon Expressionsﾙ Desk Accessory, Wood Pencil Holder, Oak",Office Furnishings,9.65
178,Eldon Image Series Black Desk Accessories,Office Furnishings,4.14
179,Eldon Jumbo ProFileﾙ Portable File Boxes Graphite/Black,Storage & Organization,15.31
180,Eldon Pizzazﾙ Desk Accessories,Office Furnishings,2.23
181,Eldon Portable Mobile Manager,Storage & Organization,28.28
182,Eldon Radial Chair Mat for Low to Medium Pile Carpets,Office Furnishings,39.98
183,"Eldon Regeneration Recycled Desk Accessories, Smoke",Office Furnishings,1.74
184,Eldon Simplefileﾮ Box Officeﾮ,Storage & Organization,12.44
185,"Eldon Spacemakerﾮ Box, Quick-Snap Lid, Clear",Pens & Art Supplies,3.34
186,Eldon Wave Desk Accessories,Office Furnishings,5.89
187,Eldonﾮ 200 Classﾙ Desk Accessories,Office Furnishings,6.28
188,"Eldonﾮ 200 Classﾙ Desk Accessories, Burgundy",Office Furnishings,6.28
189,"Eldonﾮ 400 Classﾙ Desk Accessories, Black Carbon",Office Furnishings,8.75
190,"Eldonﾮ Expressionsﾙ Wood Desk Accessories, Oak",Office Furnishings,7.38
191,Eldonﾮ Gobal File Keepers,Storage & Organization,15.14
192,Eldonﾮ Wave Desk Accessories,Office Furnishings,2.08
193,Electrix Halogen Magnifier Lamp,Office Furnishings,194.30
194,"Elite 5"" Scissors","Scissors, Rulers and Trimmers",8.45
195,Epson DFX-8500 Dot Matrix Printer,Office Machines,2550.14
196,Epson DFX5000+ Dot Matrix Printer,Office Machines,1500.97
197,Epson LQ-570e Dot Matrix Printer,Office Machines,270.97
198,Epson Stylus 1520 Color Inkjet Printer,Office Machines,500.97
199,Eureka Disposable Bags for Sanitaireﾮ Vibra Groomer Iﾮ Upright Vac,Appliances,4.06
200,"Eureka Hand Vacuum, Bagless",Appliances,49.43
201,"Eureka Sanitaire ﾮ Multi-Pro Heavy-Duty Upright, Disposable Bags",Appliances,4.37
202,Eureka The Bossﾮ Cordless Rechargeable Stick Vac,Appliances,50.98
203,Euro Pro Shark Stick Mini Vacuum,Appliances,60.98
204,"Executive Impressions 12"" Wall Clock",Office Furnishings,17.67
205,"Executive Impressions 13"" Chairman Wall Clock",Office Furnishings,25.38
206,"Executive Impressions 13"" Clairmont Wall Clock",Office Furnishings,19.23
207,"Executive Impressions 14""",Office Furnishings,22.23
208,"Executive Impressions 14"" Contract Wall Clock",Office Furnishings,22.23
209,"Executive Impressions 14"" Two-Color Numerals Wall Clock",Office Furnishings,22.72
210,"Executive Impressions 8-1/2"" Career Panel/Partition Cubicle Clock",Office Furnishings,10.40
211,Fellowes 17-key keypad for PS/2 interface,Computer Peripherals,30.73
212,Fellowes 8 Outlet Superior Workstation Surge Protector,Appliances,41.71
213,Fellowes Bankers Boxﾙ Staxonsteelﾮ Drawer File/Stacking System,Storage & Organization,64.98
214,"Fellowes Basic 104-Key Keyboard, Platinum",Computer Peripherals,20.95
215,Fellowes Black Plastic Comb Bindings,Binders and Binder Accessories,5.81
216,Fellowes Command Center 5-outlet power strip,Appliances,67.84
217,"Fellowes Internet Keyboard, Platinum",Computer Peripherals,30.42
218,Fellowes Neat Ideasﾮ Storage Cubes,Storage & Organization,32.48
219,Fellowes PB300 Plastic Comb Binding Machine,Binders and Binder Accessories,387.99
220,Fellowes PB500 Electric Punch Plastic Comb Binding Machine with Manual Bind,Binders and Binder Accessories,1270.99
221,"Fellowes Premier Superior Surge Suppressor, 10-Outlet, With Phone and Remote",Appliances,48.92
222,Fellowes Recycled Storage Drawers,Storage & Organization,111.03
223,"Fellowes Smart Design 104-Key Enhanced Keyboard, PS/2 Adapter, Platinum",Computer Peripherals,55.94
224,"Fellowes Smart Surge Ten-Outlet Protector, Platinum",Appliances,60.22
225,Fellowes Staxonsteelﾮ Drawer Files,Storage & Organization,193.17
226,Fellowes Stor/Drawerﾮ Steel Plusﾙ Storage Drawers,Storage & Organization,95.43
227,"Fellowes Strictly Businessﾮ Drawer File, Letter/Legal Size",Storage & Organization,140.85
228,Fellowes Super Stor/Drawerﾮ,Storage & Organization,27.75
229,Fellowes Super Stor/Drawerﾮ Files,Storage & Organization,161.55
230,"Fellowes Twister Kit, Gray/Clear, 3/pkg",Binders and Binder Accessories,8.04
231,"Fiskars 8"" Scissors, 2/Pack","Scissors, Rulers and Trimmers",17.24
232,Fiskarsﾮ Softgrip Scissors,"Scissors, Rulers and Trimmers",10.98
233,Fuji 5.2GB DVD-RAM,Computer Peripherals,40.96
234,G.E. Longer-Life Indoor Recessed Floodlight Bulbs,Office Furnishings,6.64
235,GBC Binding covers,Binders and Binder Accessories,12.95
236,GBC DocuBind 200 Manual Binding Machine,Binders and Binder Accessories,420.98
237,GBC DocuBind P100 Manual Binding Machine,Binders and Binder Accessories,165.98
238,GBC DocuBind TL200 Manual Binding Machine,Binders and Binder Accessories,223.98
239,GBC DocuBind TL300 Electric Binding System,Binders and Binder Accessories,896.99
240,GBC Imprintable Covers,Binders and Binder Accessories,10.98
241,"GBC Laser Imprintable Binding System Covers, Desert Sand",Binders and Binder Accessories,14.27
242,GBC Linen Binding Covers,Binders and Binder Accessories,30.98
243,"GBC Pre-Punched Binding Paper, Plastic, White, 8-1/2"" x 11""",Binders and Binder Accessories,15.99
244,"GBC Prepunched Paper, 19-Hole, for Binding Systems, 24-lb",Binders and Binder Accessories,15.01
245,GBC Recycled Grain Textured Covers,Binders and Binder Accessories,34.54
246,GBC Recycled Regency Composition Covers,Binders and Binder Accessories,59.78
247,GBC Standard Plastic Binding Systems Combs,Binders and Binder Accessories,8.85
248,GBC Standard Therm-A-Bind Covers,Binders and Binder Accessories,24.92
249,"GBC Twin Loopﾙ Wire Binding Elements, 9/16"" Spine, Black",Binders and Binder Accessories,15.22
250,GBC VeloBinder Electric Binding Machine,Binders and Binder Accessories,120.98
251,"GBC White Gloss Covers, Plain Front",Binders and Binder Accessories,14.48
252,"GE 4 Foot Flourescent Tube, 40 Watt",Office Furnishings,14.98
253,"GE 48"" Fluorescent Tube, Cool White Energy Saver, 34 Watts, 30/Box",Office Furnishings,99.23
254,Global Adaptabilitiesﾙ Conference Tables,Tables,280.98
255,Global Cometﾙ Stacking Armless Chair,Chairs & Chairmats,299.05
256,Global Commerceﾙ Series High-Back Swivel/Tilt Chairs,Chairs & Chairmats,284.98
257,Global Deluxe High-Back Office Chair in Storm,Chairs & Chairmats,135.99
258,"Global Deluxe Stacking Chair, Gray",Chairs & Chairmats,50.98
259,Global Enterprise Series Seating High-Back Swivel/Tilt Chairs,Chairs & Chairmats,270.98
260,Global Ergonomic Managers Chair,Chairs & Chairmats,180.98
261,"Global High-Back Leather Tilter, Burgundy",Chairs & Chairmats,122.99
262,"Global Leather and Oak Executive Chair, Black",Chairs & Chairmats,300.98
263,"Global Leather Highback Executive Chair with Pneumatic Height Adjustment, Black",Chairs & Chairmats,200.98
264,"Global Stack Chair without Arms, Black",Chairs & Chairmats,25.98
265,Global Troyﾙ Executive Leather Low-Back Tilter,Chairs & Chairmats,500.98
266,"Gould Plastics 9-Pocket Panel Bin, 18-3/8w x 5-1/4d x 20-1/2h, Black",Storage & Organization,52.99
267,Hammermill Color Copier Paper (28Lb. and 96 Bright),Paper,9.99
268,Hammermill CopyPlus Copy Paper (20Lb. and 84 Bright),Paper,4.98
269,Hanging Personal Folder File,Storage & Organization,15.70
270,Heavy-Duty E-Z-Dﾮ Binders,Binders and Binder Accessories,10.91
271,Hewlett-Packard Deskjet 5550 Color Inkjet Printer,Office Machines,115.99
272,Hewlett-Packard Deskjet 6122 Color Inkjet Printer,Office Machines,200.97
273,High Speed Automatic Electric Letter Opener,"Scissors, Rulers and Trimmers",1637.53
274,Holmes 99% HEPA Air Purifier,Appliances,21.66
275,Holmes Harmony HEPA Air Purifier for 17 x 20 Room,Appliances,225.04
276,Holmes HEPA Air Purifier,Appliances,21.78
277,"Holmes Replacement Filter for HEPA Air Cleaner, Large Room",Appliances,14.81
278,"Holmes Replacement Filter for HEPA Air Cleaner, Very Large Room, HEPA Filter",Appliances,68.81
279,Home/Office Personal File Carts,Storage & Organization,34.76
280,Hon 2090 ﾓPillow Softﾔ Series Mid Back Swivel/Tilt Chairs,Chairs & Chairmats,280.98
281,Hon 4-Shelf Metal Bookcases,Bookcases,100.98
282,Hon 4070 Series Pagodaﾙ Armless Upholstered Stacking Chairs,Chairs & Chairmats,291.73
283,Hon 4070 Series Pagodaﾙ Round Back Stacking Chairs,Chairs & Chairmats,320.98
284,Hon 4700 Series Mobuisﾙ Mid-Back Task Chairs with Adjustable Arms,Chairs & Chairmats,355.98
285,Hon 5100 Series Wood Tables,Tables,290.98
286,Hon 94000 Series Round Tables,Tables,296.18
287,Hon Comfortaskﾮ Task/Swivel Chairs,Chairs & Chairmats,113.98
288,"Hon Deluxe Fabric Upholstered Stacking Chairs, Rounded Back",Chairs & Chairmats,243.98
289,Hon Every-Dayﾮ Chair Series Swivel Task Chairs,Chairs & Chairmats,120.98
290,Hon GuestStacker Chair,Chairs & Chairmats,226.67
291,Hon iLevelﾙ Computer Training Table,Tables,31.76
292,"Hon Metal Bookcases, Black",Bookcases,70.98
293,Hon Multipurpose Stacking Arm Chairs,Chairs & Chairmats,216.60
294,Hon Olson Stacker Stools,Chairs & Chairmats,140.81
295,Honeywell Enviracaire Portable HEPA Air Cleaner for 17' x 22' Room,Appliances,300.65
296,Honeywell Enviracaireﾮ Portable Air Cleaner for up to 8 x 10 Room,Appliances,76.72
297,Honeywell Quietcare HEPA Air Cleaner,Appliances,78.65
298,Hoover Portapowerﾙ Portable Vacuum,Appliances,4.48
299,Hoover WindTunnelﾙ Plus Canister Vacuum,Appliances,363.25
300,Hooverﾮ Commercial Lightweight Upright Vacuum,Appliances,3.48
301,"Howard Miller 11-1/2"" Diameter Ridgewood Wall Clock",Office Furnishings,51.94
302,Howard Miller 12-3/4 Diameter Accuwave DS ﾙ Wall Clock,Office Furnishings,78.69
303,"Howard Miller 13-3/4"" Diameter Brushed Chrome Round Wall Clock",Office Furnishings,51.75
304,"Howard Miller 16"" Diameter Gallery Wall Clock",Office Furnishings,63.94
305,HP Office Paper (20Lb. and 87 Bright),Paper,6.68
306,HP Office Recycled Paper (20Lb. and 87 Bright),Paper,5.78
307,"Hunt BOSTONﾮ Vistaﾮ Battery-Operated Pencil Sharpener, Black",Pens & Art Supplies,11.66
308,Ibico Covers for Plastic or Wire Binding Elements,Binders and Binder Accessories,11.50
309,Ibico EB-19 Dual Function Manual Binding System,Binders and Binder Accessories,172.99
310,Ibico Recycled Linen-Style Covers,Binders and Binder Accessories,39.06
311,"IBM 80 Minute CD-R Spindle, 50/Pack",Computer Peripherals,20.89
312,"IBM Multi-Purpose Copy Paper, 8 1/2 x 11"", Case",Paper,30.98
313,"Imation 3.5 IBM Diskettes, 10/Box",Computer Peripherals,8.46
314,"Imation 3.5, DISKETTE 44766 HGHLD3.52HD/FM, 10/Pack",Computer Peripherals,5.02
315,"Imation 3.5"" DS-HD Macintosh Formatted Diskettes, 10/Pack",Computer Peripherals,7.28
316,"Imation 3.5"" DS/HD IBM Formatted Diskettes, 10/Pack",Computer Peripherals,5.98
317,"Imation 3.5"" DS/HD IBM Formatted Diskettes, 50/Pack",Computer Peripherals,15.98
318,"Imation 3.5"", DISKETTE 44766 HGHLD3.52HD/FM, 10/Pack",Computer Peripherals,4.98
319,Imation 5.2GB DVD-RAM,Computer Peripherals,60.98
320,"Imation IBM Formatted Diskettes, 100/Pack",Computer Peripherals,28.48
321,"Imation Neon Mac Format Diskettes, 10/Pack",Computer Peripherals,8.12
322,"Imation Primaris 3.5"" 2HD Unformatted Diskettes, 10/Pack",Computer Peripherals,4.77
323,"Imation Printable White 80 Minute CD-R Spindle, 50/Pack",Computer Peripherals,40.98
324,Jet-Pak Recycled Peel 'N' Seal Padded Mailers,Envelopes,35.89
325,Kensington 7 Outlet MasterPiece Power Center,Appliances,177.98
326,Kensington 7 Outlet MasterPiece Power Center with Fax/Phone Line Protection,Appliances,207.48
327,Kensington 7 Outlet MasterPieceﾮ HOMEOFFICE Power Control Center,Appliances,131.12
328,Keytronic 105-Key Spanish Keyboard,Computer Peripherals,73.98
329,Keytronic Designer 104- Key Black Keyboard,Computer Peripherals,40.48
330,Keytronic French Keyboard,Computer Peripherals,73.98
331,Kleencutﾮ Forged Office Shears by Acme United Corporation,"Scissors, Rulers and Trimmers",2.08
332,Laminate Occasional Tables,Tables,154.13
333,Laser & Ink Jet Business Envelopes,Envelopes,10.67
334,"Lesro Round Back Collection Coffee Table, End Table",Tables,182.55
335,"Lesro Sheffield Collection Coffee Table, End Table, Center Table, Corner Table",Tables,71.37
336,Lexmark Z25 Color Inkjet Printer,Office Machines,80.97
337,Lexmark Z54se Color Inkjet Printer,Office Machines,90.97
338,Lexmark Z55se Color Inkjet Printer,Office Machines,90.97
339,"Lifetime Advantageﾙ Folding Chairs, 4/Carton",Chairs & Chairmats,218.08
340,"Lindenﾮ 12"" Wall Clock With Oak Frame",Office Furnishings,33.98
341,Lock-Up Easel 'Spel-Binder',Binders and Binder Accessories,28.53
342,Logitech Access Keyboard,Computer Peripherals,15.98
343,Logitech Cordless Elite Duo,Computer Peripherals,100.98
344,Logitech Cordless Navigator Duo,Computer Peripherals,80.98
345,Logitech Internet Navigator Keyboard,Computer Peripherals,30.98
346,Luxo Economy Swing Arm Lamp,Office Furnishings,19.94
347,Luxo Professional Combination Clamp-On Lamps,Office Furnishings,102.30
348,Magna Visual Magnetic Picture Hangers,Office Furnishings,4.82
349,"Manila Recycled Extra-Heavyweight Clasp Envelopes, 6"" x 9""",Envelopes,10.98
350,Martin-Yale Premier Letter Opener,"Scissors, Rulers and Trimmers",12.88
351,"Master Giant Footﾮ Doorstop, Safety Yellow",Office Furnishings,7.59
352,"Maxell 3.5"" DS/HD IBM-Formatted Diskettes, 10/Pack",Computer Peripherals,4.89
353,Maxell DVD-RAM Discs,Computer Peripherals,16.48
354,"Memo Book, 100 Message Capacity, 5 3/8ﾔ x 11ﾔ",Paper,6.74
355,"Memorex 4.7GB DVD-RAM, 3/Pack",Computer Peripherals,31.78
356,"Memorex 4.7GB DVD+R, 3/Pack",Computer Peripherals,15.28
357,"Memorex 4.7GB DVD+RW, 3/Pack",Computer Peripherals,28.48
358,"Memorex 80 Minute CD-R Spindle, 100/Pack",Computer Peripherals,43.98
359,"Memorex 80 Minute CD-R, 30/Pack",Computer Peripherals,22.98
360,"Memorex Slim 80 Minute CD-R, 10/Pack",Computer Peripherals,9.78
361,"Metal Folding Chairs, Beige, 4/Carton",Chairs & Chairmats,33.94
362,Micro Innovations 104 Keyboard,Computer Peripherals,10.97
363,"Micro Innovations Micro 3000 Keyboard, Black",Computer Peripherals,26.31
364,"Micro Innovations Micro Digital Wireless Keyboard and Mouse, Gray",Computer Peripherals,83.10
365,Microsoft Internet Keyboard,Computer Peripherals,20.97
366,Microsoft Natural Multimedia Keyboard,Computer Peripherals,50.98
367,Motorola SB4200 Cable Modem,Computer Peripherals,179.99
368,"Multi-Use Personal File Cart and Caster Set, Three Stacking Bins",Storage & Organization,34.76
369,Multimedia Mailers,Envelopes,162.93
370,Newell 310,Pens & Art Supplies,1.76
371,Newell 312,Pens & Art Supplies,5.84
372,Newell 314,Pens & Art Supplies,5.58
373,Newell 315,Pens & Art Supplies,5.98
374,Newell 318,Pens & Art Supplies,2.78
375,Newell 323,Pens & Art Supplies,1.68
376,Newell 326,Pens & Art Supplies,1.76
377,Newell 327,Pens & Art Supplies,2.21
378,Newell 335,Pens & Art Supplies,2.88
379,Newell 336,Pens & Art Supplies,4.28
380,Newell 337,Pens & Art Supplies,3.28
381,Newell 342,Pens & Art Supplies,3.28
382,Newell 343,Pens & Art Supplies,2.94
383,Newellﾮ 3-Hole Punched Plastic Slotted Magazine Holders for Binders,Binders and Binder Accessories,4.57
384,Novimex Swivel Fabric Task Chair,Chairs & Chairmats,150.98
385,Nu-Dell Leatherette Frames,Office Furnishings,14.34
386,O'Sullivan 2-Shelf Heavy-Duty Bookcases,Bookcases,48.58
387,O'Sullivan 3-Shelf Heavy-Duty Bookcases,Bookcases,58.14
388,"O'Sullivan Elevations Bookcase, Cherry Finish",Bookcases,130.98
389,O'Sullivan Manor Hill 2-Door Library in Brianna Oak,Bookcases,180.98
390,"Office Star - Contemporary Task Swivel chair with 2-way adjustable arms, Plum",Chairs & Chairmats,130.98
391,Office Star - Mid Back Dual function Ergonomic High Back Chair with 2-Way Adjustable Arms,Chairs & Chairmats,160.98
392,Office Star - Task Chair with Contemporary Loop Arms,Chairs & Chairmats,90.98
393,Office Star Flex Back Scooter Chair with Aluminum Finish Frame,Chairs & Chairmats,100.89
394,Office Star Flex Back Scooter Chair with White Frame,Chairs & Chairmats,110.98
395,Okidata ML390 Turbo Dot Matrix Printers,Office Machines,442.14
396,Okidata ML395C Color Dot Matrix Printer,Office Machines,1360.14
397,Panasonic KP-310 Heavy-Duty Electric Pencil Sharpener,Pens & Art Supplies,21.98
398,Panasonic KP-350BK Electric Pencil Sharpener with Auto Stop,Pens & Art Supplies,34.58
399,Panasonic KX-P1150 Dot Matrix Printer,Office Machines,145.45
400,Panasonic KX-P3200 Dot Matrix Printer,Office Machines,297.64
401,PC Concepts 116 Key Quantum 3000 Keyboard,Computer Peripherals,32.98
402,"Peel & Seelﾮ Recycled Catalog Envelopes, Brown",Envelopes,11.58
403,Peel & Stick Add-On Corner Pockets,Binders and Binder Accessories,2.16
404,"Perma STOR-ALLﾙ Hanging File Box, 13 1/8""W x 12 1/4""D x 10 1/2""H",Storage & Organization,5.98
405,Personal Creationsﾙ Ink Jet Cards and Labels,Paper,11.48
406,Pizazzﾮ Global Quick Fileﾙ,Storage & Organization,14.97
407,Plymouth Boxed Rubber Bands by Plymouth,Rubber Bands,4.71
408,Poly Designer Cover & Back,Binders and Binder Accessories,18.99
409,Polycom ViaVideoﾙ Desktop Video Communications Unit,Office Machines,574.74
410,Polycom ViewStationﾙ Adapter H323 Videoconferencing Unit,Office Machines,1938.02
411,Portable Personal File Box,Storage & Organization,12.21
412,Prang Drawing Pencil Set,Pens & Art Supplies,2.78
413,"Premier Elliptical Ring Binder, Black",Binders and Binder Accessories,30.44
414,Premium Transparent Presentation Covers by GBC,Binders and Binder Accessories,20.98
415,"Pressboard Covers with Storage Hooks, 9 1/2"" x 11"", Light Blue",Binders and Binder Accessories,4.91
416,Presstex Flexible Ring Binders,Binders and Binder Accessories,4.55
417,Prismacolor Color Pencil Set,Pens & Art Supplies,19.84
418,Project Tote Personal File,Storage & Organization,14.03
419,"Recycled Desk Saver Line ""While You Were Out"" Book, 5 1/2"" X 4""",Paper,8.95
420,Recycled Eldon Regeneration Jumbo File,Storage & Organization,12.28
421,"Recycled Interoffice Envelopes with String and Button Closure, 10 x 13",Envelopes,23.99
422,Recycled Premium Regency Composition Covers,Binders and Binder Accessories,15.28
423,Recycled Steel Personal File for Standard File Folders,Storage & Organization,55.29
424,Rediform S.O.S. Phone Message Books,Paper,4.98
425,"Rediform Wirebound ""Phone Memo"" Message Book, 11 x 5-3/4",Paper,7.64
426,Revere Boxed Rubber Bands by Revere,Rubber Bands,1.89
427,Riverleaf Stik-Withitﾮ Designer Note Cubesﾮ,Paper,10.06
428,"Riverside Palais Royal Lawyers Bookcase, Royale Cherry Finish",Bookcases,880.98
429,Round Ring Binders,Binders and Binder Accessories,2.08
430,"Rubbermaid ClusterMat Chairmats, Mat Size- 66"" x 60"", Lip 20"" x 11"" -90 Degree Angle",Office Furnishings,110.98
431,Rush Hierlooms Collection Rich Wood Bookcases,Bookcases,160.98
432,SAFCO Arco Folding Chair,Chairs & Chairmats,276.20
433,"SAFCO Commercial Wire Shelving, Black",Storage & Organization,138.14
434,Safco Contoured Stacking Chairs,Chairs & Chairmats,238.40
435,SAFCO Folding Chair Trolley,Chairs & Chairmats,128.24
436,"SAFCO Mobile Desk Side File, Wire Frame",Storage & Organization,42.76
437,"SAFCO PlanMaster Heigh-Adjustable Drafting Table Base, 43w x 30d x 30-37h, Black",Tables,349.45
438,Sanford 52201 APSCO Electric Pencil Sharpener,Pens & Art Supplies,40.97
439,"Sanford Colorific Colored Pencils, 12/Box",Pens & Art Supplies,2.88
440,Sanford Liquid Accent Highlighters,Pens & Art Supplies,6.68
441,SANFORD Liquid Accentﾙ Tank-Style Highlighters,Pens & Art Supplies,2.84
442,SANFORD Major Accentﾙ Highlighters,Pens & Art Supplies,7.08
443,Sanyo 2.5 Cubic Foot Mid-Size Office Refrigerators,Appliances,279.81
444,Satellite Sectional Post Binders,Binders and Binder Accessories,43.41
445,"Sauder Facets Collection Library, Sky Alder Finish",Bookcases,170.98
446,"Sauder Facets Collection Locker/File Cabinet, Sky Alder Finish",Storage & Organization,370.98
447,"Sauder Forest Hills Library, Woodland Oak Finish",Bookcases,140.98
448,Self-Adhesive Address Labels for Typewriters by Universal,Labels,7.31
449,Self-Adhesive Ring Binder Labels,Binders and Binder Accessories,3.52
450,Serrated Blade or Curved Handle Hand Letter Openers,"Scissors, Rulers and Trimmers",3.14
451,"Seth Thomas 12"" Clock w/ Goldtone Case",Office Furnishings,22.98
452,"Seth Thomas 13 1/2"" Wall Clock",Office Furnishings,17.78
453,Sharp 1540cs Digital Laser Copier,Copiers and Fax,549.99
454,Sharp AL-1530CS Digital Copier,Copiers and Fax,499.99
455,Sharp EL500L Fraction Calculator,Office Machines,13.99
456,"Sharp EL501VB Scientific Calculator, Battery Operated, 10-Digit Display, Hard Case",Office Machines,9.49
457,"Snap-A-Wayﾮ Black Print Carbonless Ruled Speed Letter, Triplicate",Paper,37.94
458,"Snap-A-Wayﾮ Black Print Carbonless Speed Message, No Reply Area, Duplicate",Paper,29.14
459,"Soundgear Copyboard Conference Phone, Optional Battery",Office Machines,204.10
460,Southworth 25% Cotton Antique Laid Paper & Envelopes,Paper,8.34
461,Southworth 25% Cotton Premium Laser Paper and Envelopes,Paper,19.98
462,"Speediset Carbonless Redi-Letterﾮ 7"" x 8 1/2""",Paper,10.31
463,Spiral Phone Message Books with Labels by Adams,Paper,4.48
464,Standard Lineﾙ ﾓWhile You Were Outﾔ Hardbound Telephone Message Book,Paper,21.98
465,"Staples #10 Laser & Inkjet Envelopes, 4 1/8"" x 9 1/2"", 100/Box",Envelopes,9.78
466,Staples 6 Outlet Surge,Appliances,11.97
467,Staples Battery-Operated Desktop Pencil Sharpener,Pens & Art Supplies,10.48
468,Staples Bulldog Clip,Rubber Bands,3.78
469,Staples Colored Bar Computer Paper,Paper,35.44
470,Staples Paper Clips,Rubber Bands,2.47
471,"Staples Pen Style Liquid Stix; Assorted (yellow, pink, green, blue, orange), 5/Pack",Pens & Art Supplies,6.47
472,Staples Premium Bright 1-Part Blank Computer Paper,Paper,12.28
473,Staples SlimLine Pencil Sharpener,Pens & Art Supplies,11.97
474,Staples Standard Envelopes,Envelopes,5.68
475,Staples Vinyl Coated Paper Clips,Rubber Bands,3.93
476,"Staples Vinyl Coated Paper Clips, 800/Box",Rubber Bands,7.89
477,"Staples Wirebound Steno Books, 6"" x 9"", 12/Pack",Paper,10.14
478,Staplesﾮ General Use 3-Ring Binders,Binders and Binder Accessories,1.88
479,Sterling Rubber Bands by Alliance,Rubber Bands,4.71
480,Stockwell Push Pins,Rubber Bands,2.18
481,"Strathmore #10 Envelopes, Ultimate White",Envelopes,52.71
482,Strathmore Photo Mount Cards,Paper,6.78
483,"Super Bands, 12/Pack",Rubber Bands,1.86
484,Surelockﾙ Post Binders,Binders and Binder Accessories,30.56
485,TDK 4.7GB DVD-R,Computer Peripherals,10.01
486,TDK 4.7GB DVD+RW,Computer Peripherals,14.48
487,"Telephone Message Books with Fax/Mobile Section, 5 1/2"" x 3 3/16""",Paper,6.35
488,Telescoping Adjustable Floor Lamp,Office Furnishings,19.99
489,"Tenex 46"" x 60"" Computer Anti-Static Chairmat, Rectangular Shaped",Office Furnishings,105.98
490,Tenex B1-RE Series Chair Mats for Low Pile Carpets,Office Furnishings,45.98
491,"Tenex Carpeted, Granite-Look or Clear Contemporary Contour Shape Chair Mats",Office Furnishings,70.71
492,"Tenex Contemporary Contur Chairmats for Low and Medium Pile Carpet, Computer, 39"" x 49""",Office Furnishings,107.53
493,"Tenex File Box, Personal Filing Tote with Lid, Black",Storage & Organization,15.51
494,"Tenex Personal Project File with Scoop Front Design, Black",Storage & Organization,13.48
495,"Tenex Personal Self-Stacking Standard File Box, Black/Gray",Storage & Organization,16.91
496,Tennsco Commercial Shelving,Storage & Organization,20.34
497,Tennsco Double-Tier Lockers,Storage & Organization,225.02
498,Tennsco Industrial Shelving,Storage & Organization,48.91
499,"Tennsco Lockers, Gray",Storage & Organization,20.98
500,"Tennsco Lockers, Sand",Storage & Organization,20.98
501,"Tennsco Snap-Together Open Shelving Units, Starter Sets and Add-On Units",Storage & Organization,279.48
502,TI 36X Solar Scientific Calculator,Office Machines,23.99
503,"TOPS Money Receipt Book, Consecutively Numbered in Red,",Paper,8.01
504,Turquoise Lead Holder with Pocket Clip,Pens & Art Supplies,6.70
505,"Tyvek Interoffice Envelopes, 9 1/2"" x 12 1/2"", 100/Box",Envelopes,60.98
506,"Tyvek ﾮ Top-Opening Peel & Seel Envelopes, Plain White",Envelopes,27.18
507,U.S. Robotics 56K Internet Call Modem,Computer Peripherals,99.99
508,Ultra Commercial Grade Dual Valve Door Closer,Office Furnishings,39.89
509,Unpadded Memo Slips,Paper,3.98
510,US Robotics 56K V.92 External Faxmodem,Computer Peripherals,99.99
511,Verbatim DVD-R 4.7GB authoring disc,Computer Peripherals,39.24
512,"Verbatim DVD-RAM, 5.2GB, Rewritable, Type 1, DS",Computer Peripherals,29.89
513,"Verbatim DVD-RAM, 9.4GB, Rewritable, Type 1, DS, DataLife Plus",Computer Peripherals,45.19
514,Wausau Papers Astrobrightsﾮ Colored Envelopes,Envelopes,5.98
515,"White Business Envelopes with Contemporary Seam, Recycled White Business Envelopes",Envelopes,10.94
516,"White Dual Perf Computer Printout Paper, 2700 Sheets, 1 Part, Heavyweight, 20 lbs., 14 7/8 x 11",Paper,40.99
517,White GlueTop Scratch Pads,Paper,15.04
518,"Wilson Jones 1"" Hanging DublLockﾮ Ring Binders",Binders and Binder Accessories,5.28
519,Wilson Jones 14 Line Acrylic Coated Pressboard Data Binders,Binders and Binder Accessories,5.34
520,Wilson Jones DublLockﾮ D-Ring Binders,Binders and Binder Accessories,6.75
521,Wilson Jones Easy Flow IIﾙ Sheet Lifters,Binders and Binder Accessories,1.80
522,"Wilson Jones Hanging View Binder, White, 1""",Binders and Binder Accessories,7.10
523,Wilson Jones Impact Binders,Binders and Binder Accessories,5.18
524,"Wilson Jones Ledger-Size, Piano-Hinge Binder, 2"", Blue",Binders and Binder Accessories,40.98
525,Wilson Jonesﾮ Four-Pocket Poly Binders,Binders and Binder Accessories,6.54
526,"Wirebound Message Book, 4 per Page",Paper,5.43
527,"Wirebound Message Books, 2 7/8"" x 5"", 3 Forms per Page",Paper,7.04
528,"Wirebound Message Books, Four 2 3/4"" x 5"" Forms per Page, 600 Sets per Book",Paper,9.27
529,Wirebound Voice Message Log Book,Paper,4.76
530,X-Rackﾙ File for Hanging Folders,Storage & Organization,11.29
531,Xerox 188,Paper,11.34
532,Xerox 1881,Paper,12.28
533,Xerox 1882,Paper,55.98
534,Xerox 1885,Paper,48.04
535,Xerox 1887,Paper,18.97
536,Xerox 1891,Paper,48.91
537,Xerox 1892,Paper,38.76
538,Xerox 1893,Paper,40.99
539,Xerox 1897,Paper,4.98
540,Xerox 1898,Paper,6.68
541,Xerox 1899,Paper,5.78
542,Xerox 190,Paper,4.98
543,Xerox 1904,Paper,6.48
544,Xerox 1905,Paper,6.48
545,Xerox 1906,Paper,35.44
546,Xerox 1919,Paper,40.99
547,Xerox 1920,Paper,5.98
548,Xerox 1924,Paper,5.78
549,Xerox 1928,Paper,5.28
550,Xerox 1929,Paper,22.84
551,Xerox 1930,Paper,6.48
552,Xerox 1932,Paper,35.44
553,Xerox 1935,Paper,26.38
554,Xerox 1936,Paper,19.98
555,Xerox 1938,Paper,47.90
556,Xerox 1939,Paper,18.97
557,Xerox 194,Paper,55.48
558,Xerox 1940,Paper,54.96
559,Xerox 1941,Paper,104.85
560,Xerox 1953,Paper,4.28
561,Xerox 196,Paper,5.78
562,Xerox 1962,Paper,4.28
563,Xerox 1966,Paper,6.48
564,Xerox 197,Paper,30.98
565,Xerox 1971,Paper,4.28
566,Xerox 1976,Paper,6.48
567,Xerox 1977,Paper,6.68
568,Xerox 1978,Paper,5.78
569,Xerox 198,Paper,4.98
570,Xerox 1980,Paper,4.28
571,Xerox 1982,Paper,22.84
572,Xerox 1983,Paper,5.98
573,Xerox 1985,Paper,6.48
574,Xerox 1989,Paper,4.98
575,Xerox 199,Paper,4.28
576,Xerox 1992,Paper,5.98
577,Xerox 1993,Paper,6.48
578,Xerox 1994,Paper,6.48
579,Xerox 1995,Paper,6.48
580,Xerox 20,Paper,6.48
581,Xerox 21,Paper,6.48
582,Xerox 213,Paper,6.48
583,Xerox 214,Paper,6.48
584,Xerox 217,Paper,6.48
585,Xerox 220,Paper,6.48
586,Xerox 224,Paper,6.48
587,Xerox 226,Paper,6.48
588,Xerox 227,Paper,6.48
589,Xerox 4200 Series MultiUse Premium Copy Paper (20Lb. and 84 Bright),Paper,5.28
590,Xerox Blank Computer Paper,Paper,19.98
591,XtraLifeﾮ ClearVueﾙ Slant-Dﾮ Ring Binders by Cardinal,Binders and Binder Accessories,7.84
592,Zoom V.92 USB External Faxmodem,Computer Peripherals,49.99
593,Zoom V.92 V.44 PCI Internal Controllerless FaxModem,Computer Peripherals,39.99