supplier_id,supplier_name
1,Aaron Bergman
2,Adrian Hane
3,Alan Barnes
4,Alex Avila
5,Allen Rosenblatt
6,Andrew Gjertsen
7,Angele Hood
8,Ann Chong
9,Anna Andreadi
10,Annie Cyprus
11,Anthony Johnson
12,Anthony O'Donnell
13,Barbara Fisher
14,Barry French
15,Barry Weirich
16,Becky Castell
17,Beth Paige
18,Beth Thompson
19,Brad Eason
20,Brendan Dodson
21,Brian Moss
22,Bryan Davis
23,Bryan Mills
24,Cari Schnelling
25,Carl Jackson
26,Carl Ludwig
27,Carlos Daly
28,Carlos Soltero
29,Chad Cunningham
30,Charles McCrossin
31,Charlotte Melton
32,Christina DeMoss
33,Christina Vanderzanden
34,Christopher Schild
35,Chuck Magee
36,Cindy Schnelling
37,Claudia Miner
38,Clay Rozendal
39,Dan Reichenbach
40,Delfina Latchford
41,Dennis Bolton
42,Don Jones
43,Don Miller
44,Dorothy Badders
45,Dorothy Wardle
46,Doug Bickford
47,Edward Hooks
48,Emily Grady
49,Erica Bern
50,Eugene Barchas
51,Evan Minnotte
52,Filia McAdams
53,Frank Atkinson
54,Frank Price
55,Fred Wasserman
56,Gene Hale
57,Giulietta Baptist
58,Grant Carroll
59,Greg Guthrie
60,Guy Armstrong
61,Harold Engle
62,Heather Kirkland
63,Helen Abelman
64,Henry Goldwyn
65,Hilary Holden
66,Hunter Glantz
67,Jack Garza
68,Jack Lebron
69,Jamie Kunitz
70,Jenna Caffey
71,Jennifer Braxton
72,Jeremy Lonsdale
73,Jim Karlsson
74,Jim Radford
75,Jim Sink
76,Jocasta Rupert
77,Joy Bell
78,Joy Smith
79,Julia West
80,Julie Creighton
81,Justin Knight
82,Kelly Williams
83,Kimberly Carter
84,Lena Cacioppo
85,Lisa DeCherney
86,Logan Haushalter
87,Luke Weiss
88,Marina Lichtenstein
89,Matt Collins
90,Michelle Arnett
91,Michelle Lonsdale
92,Mike Pelletier
93,Monica Federle
94,Muhammed MacIntyre
95,Neola Schneider
96,Nicole Hansen
97,Noah Childs
98,Paul Gonzalez
99,Philip Brown
100,Ralph Arnett
101,Ralph Knight
102,Rick Duston
103,Rick Reed
104,Rob Haberlin
105,Roy French
106,Roy Skaria
107,Sally Knutson
108,Sanjit Chand
109,Sarah Foster
110,Seth Vernon
111,Skye Norling
112,Sonia Sunley
113,Stewart Carmichael
114,Susan Vittorini
115,Sylvia Foulston
116,Thomas Seio
117,Toby Braunhardt